url,author,category,time,headline,text,commentCount,comments,keyword
https://keskustelu.suomi24.fi/t/17816402/vat-teleoperaattori-emdnaem-oyjn-asiakaskokemu,JJKN,"['Keskustelu24', 'Tiede ja teknologia', 'Kodintekniikka', 'Mobiililaitteet', 'K√§nnyk√§t', 'Liittym√§t ja palvelut', 'DNA.']",2023-04-08T10:25:09.000Z,Mitk√§ asiat vaikuttavat teleoperaattori DNA Oyj:n asiakaskokemukseen?,Kyselyll√§ pyrit√§√§n kehitt√§m√§√§n DNA Oyj:n markkinointia saamalla tietoa l√§hi- ja et√§palveluiden k√§yt√∂st√§. Vastaukset k√§sitell√§√§n anonyymisti.Linkki kyselyyn: https://link.webropolsurveys.com/S/6906C9F7BC62C667,16,"[{'downvoteCount': 0, 'upvoteCount': 0, 'author': {'@type': 'Person', 'name': 'Anonyymi', 'disambiguatingDescription': 'Suomi24 anonymous user'}, 'comment': [{'downvoteCount': 0, 'upvoteCount': 0, 'author': {'@type': 'Person', 'name': 'Anonyymi', 'disambiguatingDescription': 'Suomi24 anonymous user'}, 'dateCreated': '2023-05-04T22:39:45.000Z', 'text': 'Samma h√§r. Asiakaspalvelija j√§tti kertomatta, ett√§ muistathan ett√§ m√§√§r√§aikainen nettiliittym√§ jatkuu toistaiseksi olevana, jos et sano samalla kun hylk√§√§t uuden  tarjouksen ett√§ irtisanon sen. HUIJAREITA <br />Ei ehtiny reissulle l√§htiess√§ kysell√§  muilta tarjouksia ja laittaa uutta nettiliittym√§√§, ja sielt√§ tullessa vasta muistin, kun tuli tekstiviesti ett√§ \'toimiiko tilaamasi netti niinkuin pit√§√§"".. <br /><br />Kun asiakaspalveluun ottaa yhteytt√§, sielt√§ vaan tivattiin ett√§ OLITKO varmasti  irtisanonut nettiliittym√§n? <br /><br />N√§it√§ kun kuukaudessa tulee useita, seh√§n tekee isot summat voittoa, huijausta t√§√§ on. Asiakaspalvelu on niin huonoa, niin huonoa. Ei ikin√§ en√§√§ dna lle, puhelin liittym√§n olinki jo aiemmin siirt√§nyt just huonon asiakaspalvelun takia pois <br />VAROITAN TEIT√Ö DNASTA, JOS ET OO KARTALLA, SUA HUIJATAAN!!', 'url': 'https://keskustelu.suomi24.fi/t/17816402/mitka-asiat-vaikuttavat-teleoperaattori-dna-oyjn-asiakaskokemukseen#comment-120708195'}, {'downvoteCount': 0, 'upvoteCount': 0, 'author': {'@type': 'Person', 'name': 'Anonyymi', 'disambiguatingDescription': 'Suomi24 anonymous user'}, 'dateCreated': '2023-05-05T09:30:31.000Z', 'text': 'Voisiko sit√§ lukemistakin opetella? Tilaamisehdoissa kerrotaa tasan tarkkaan se, ett√§ m√§√§r√§aikaisen j√§lkeen, liittym√§ jatkuu toistaiseksi voimassaolevana.', 'url': 'https://keskustelu.suomi24.fi/t/17816402/mitka-asiat-vaikuttavat-teleoperaattori-dna-oyjn-asiakaskokemukseen#comment-120714144'}, {'downvoteCount': 0, 'upvoteCount': 0, 'author': {'@type': 'Person', 'name': 'Anonyymi', 'disambiguatingDescription': 'Suomi24 anonymous user'}, 'dateCreated': '2023-05-05T09:47:57.000Z', 'text': '""Voisiko sit√§ lukemistakin opetella? Tilaamisehdoissa kerrotaa tasan tarkkaan se, ett√§ m√§√§r√§aikaisen j√§lkeen, liittym√§ jatkuu toistaiseksi voimassaolevana.""<br /><br />N√§in kirjoittaa henkil√∂, joka ei tied√§ tapahtuneesta mit√§√§n. Tilaamisehdot saapuivat s√§hk√∂postissa KAKSI P√ÑIV√Ñ√Ñ sen j√§lkeen, kun olin DNA:n myym√§l√§ss√§ mennyt myyj√§n esitt√§m√§√§n retkuun. Ehdot tuli toisin sanoen kyll√§ luettua, ja juuri siit√§ syyst√§ peruinkin tilauksen, joka oli viekkaudella ja v√§√§ryydell√§ minulle myyty.<br /><br />Tilausehdot pit√§isi siis saada luettavakseen etuk√§teen ennen sopimuksen tekoa, tai vaihtoehtoisesti myyj√§n pit√§isi kertoa suullisesti kaikki OLEELLINEN tilausehdoista.', 'url': 'https://keskustelu.suomi24.fi/t/17816402/mitka-asiat-vaikuttavat-teleoperaattori-dna-oyjn-asiakaskokemukseen#comment-120714468'}, {'downvoteCount': 0, 'upvoteCount': 0, 'author': {'@type': 'Person', 'name': 'Anonyymi', 'disambiguatingDescription': 'Suomi24 anonymous user'}, 'dateCreated': '2023-05-05T10:42:14.000Z', 'text': 'Just just. Etk√§ tietenk√§√§n vaivautunut n√§ilt√§ myyjilt√§ asiaa kysym√§√§n, ett√§ miten asian laita on tarjousajan j√§lkeen?', 'url': 'https://keskustelu.suomi24.fi/t/17816402/mitka-asiat-vaikuttavat-teleoperaattori-dna-oyjn-asiakaskokemukseen#comment-120715331'}, {'downvoteCount': 0, 'upvoteCount': 0, 'author': {'@type': 'Person', 'name': 'Anonyymi', 'disambiguatingDescription': 'Suomi24 anonymous user'}, 'dateCreated': '2023-05-05T20:42:42.000Z', 'text': '""Etk√§ tietenk√§√§n vaivautunut n√§ilt√§ myyjilt√§ asiaa kysym√§√§n, ett√§ miten asian laita on tarjousajan j√§lkeen?""<br /><br />Varmasti olisin kysynyt, jos myyj√§ olisi maininnut jotakin tarjousajasta. Huijaus perustui nimenomaan siihen, ett√§ oleellisia asioita j√§tettiin kertomatta asiakkaalle.', 'url': 'https://keskustelu.suomi24.fi/t/17816402/mitka-asiat-vaikuttavat-teleoperaattori-dna-oyjn-asiakaskokemukseen#comment-120725705'}], 'dateCreated': '2023-04-09T06:24:17.000Z', 'text': 'Omalta osaltani asiaan eli DNA:n j√§tt√§miseen vaikutti se, ett√§ asiakaspalvelija johti minua harhaan. H√§n j√§tti tahallaan kertomatta, ett√§ h√§nen k√§yt√∂ss√§ni ollutta puhelinliittym√§√§ halvemmaksi kehumansa liittym√§ kallistuisi vuoden k√§yt√∂n j√§lkeen niin paljon, ett√§ sen hinta olisi l√§hes kaksinkertainen.  M√§√§r√§aikaisuudestakaan myyj√§ ei ollut sanonut sanaakaan.<br /><br />En pid√§ huijareista, joten j√§tin DNA:n.  Onneksi DNA sent√§√§n suostui sopimukseni perumiseen ilman oikeudenk√§ynti√§.', 'url': 'https://keskustelu.suomi24.fi/t/17816402/mitka-asiat-vaikuttavat-teleoperaattori-dna-oyjn-asiakaskokemukseen#comment-120227523'}, {'downvoteCount': 0, 'upvoteCount': 0, 'author': {'@type': 'Person', 'name': 'Anonyymi', 'disambiguatingDescription': 'Suomi24 anonymous user'}, 'comment': [{'downvoteCount': 0, 'upvoteCount': 0, 'author': {'@type': 'Person', 'name': 'Anonyymi', 'disambiguatingDescription': 'Suomi24 anonymous user'}, 'dateCreated': '2023-05-05T07:04:55.000Z', 'text': '""Min√§ p√§√§tin v√§ltell√§ asiakaskokemuksia DNA:n kanssa sen j√§lkeen, kun YouTubesta musiikkivideota katsellessani DNA:n mainos keskeytti sen.""<br /><br />Jep! On muuten hyvin kummallista, ett√§ mainostaja arvelee √§rsyyntyneen ihmisen ostavan mainostettua tuotetta! üòÅüòÅüòÅ Mainostajien logiikka ei aina avaudu ulkopuolisille.', 'url': 'https://keskustelu.suomi24.fi/t/17816402/mitka-asiat-vaikuttavat-teleoperaattori-dna-oyjn-asiakaskokemukseen#comment-120711807'}], 'dateCreated': '2023-04-12T13:40:10.000Z', 'text': 'Min√§ p√§√§tin v√§ltell√§ asiakaskokemuksia DNA:n kanssa sen j√§lkeen, kun YouTubesta musiikkivideota katsellessani DNA:n mainos keskeytti sen.', 'url': 'https://keskustelu.suomi24.fi/t/17816402/mitka-asiat-vaikuttavat-teleoperaattori-dna-oyjn-asiakaskokemukseen#comment-120290226'}, {'downvoteCount': 0, 'upvoteCount': 0, 'author': {'@type': 'Person', 'name': 'Anonyymi', 'disambiguatingDescription': 'Suomi24 anonymous user'}, 'dateCreated': '2023-04-13T06:31:19.000Z', 'text': 'Eilen otin mainonnan pois dna,elisa,telia ne ruksit pois sielt√§ kun on kirjautuneena. N√§ill√§ menn√§√§n ainakin nyt.', 'url': 'https://keskustelu.suomi24.fi/t/17816402/mitka-asiat-vaikuttavat-teleoperaattori-dna-oyjn-asiakaskokemukseen#comment-120300475'}, {'downvoteCount': 0, 'upvoteCount': 0, 'author': {'@type': 'Person', 'name': 'Anonyymi', 'disambiguatingDescription': 'Suomi24 anonymous user'}, 'comment': [{'downvoteCount': 0, 'upvoteCount': 0, 'author': {'@type': 'Person', 'name': 'Anonyymi', 'disambiguatingDescription': 'Suomi24 anonymous user'}, 'dateCreated': '2023-05-05T03:29:11.000Z', 'text': 'B R U T A A L I A .', 'url': 'https://keskustelu.suomi24.fi/t/17816402/mitka-asiat-vaikuttavat-teleoperaattori-dna-oyjn-asiakaskokemukseen#comment-120709091'}], 'dateCreated': '2023-04-14T21:14:06.000Z', 'text': 'Tuuttaus pidon aikana muiden kanssa ollessa saanut kaikki yst√§v√§tt√§reni vaihtamaan teid√§n palvelut muualle.', 'url': 'https://keskustelu.suomi24.fi/t/17816402/mitka-asiat-vaikuttavat-teleoperaattori-dna-oyjn-asiakaskokemukseen#comment-120335455'}, {'downvoteCount': 0, 'upvoteCount': 0, 'author': {'@type': 'Person', 'name': 'Anonyymi', 'disambiguatingDescription': 'Suomi24 anonymous user'}, 'comment': [{'downvoteCount': 0, 'upvoteCount': 0, 'author': {'@type': 'Person', 'name': 'Anonyymi', 'disambiguatingDescription': 'Suomi24 anonymous user'}, 'dateCreated': '2023-05-06T14:29:13.000Z', 'text': '""uusille asiakkaille""<br /><br />Olin vanha asiakas. Menin DNA:n myym√§l√§√§n ostamaan uutta puhelinta, jolloin myyj√§ tietokonen√§ytt√∂√§√§n vilkaistuaan totesi: ""Meill√§ on muuten nykyist√§ liittym√§√§si edullisempikin liittym√§.""<br /><br />Koska tarkoitus oli saada asiakkaalta enemm√§n rahaa, myyj√§ ei kertonut, ett√§ t√§m√§ ""edullisempi"" liittym√§ muuttuisi vuoden kuluttua l√§hes kaksi kertaa kalliimmaksi kuin aikaisempi liittym√§ni.', 'url': 'https://keskustelu.suomi24.fi/t/17816402/mitka-asiat-vaikuttavat-teleoperaattori-dna-oyjn-asiakaskokemukseen#comment-120736816'}, {'downvoteCount': 0, 'upvoteCount': 0, 'author': {'@type': 'Person', 'name': 'Anonyymi', 'disambiguatingDescription': 'Suomi24 anonymous user'}, 'dateCreated': '2023-05-07T09:19:26.000Z', 'text': 'Ok, tuo muuttaa kaiken. Eik√∂h√§n tuollainen yrityksen tulosparannukseen t√§ht√§√§v√§ politiikka ole jo kuluttajansuojankin vastaista. <br /><br />Onko DNA kokonaan lopettamassa aiemmin omaamasi liittym√§tyypin hinnoitteluineen ja koettaa nyt vauhdittaa siirtym√§√§ asiakkaita harhaanjohtavalla politiikalla?<br /><br />Mutta ongelamana mahdollisesti kuluttajansuojan tasolla asiaa hoidettaessa olisi sana sanaa vastaan, kun ilmeisesti siell√§ jossakin pikkupr√§ntiss√§ asia on ilmoitettu.  Tietysti jos vastaavia tapauksia ilmenenisi olevan paljonkin, niin tilanne saattaisi muuttua kuluttajasuojan silmiss√§.<br /><br />Tuollainen tuleva hintojen muutoshan tulisi olle hyvin selke√§sti n√§kyvill√§ ja my√∂s sanallisesti asiakkaalle kerrottu.', 'url': 'https://keskustelu.suomi24.fi/t/17816402/mitka-asiat-vaikuttavat-teleoperaattori-dna-oyjn-asiakaskokemukseen#comment-120748836'}, {'downvoteCount': 0, 'upvoteCount': 0, 'author': {'@type': 'Person', 'name': 'Anonyymi', 'disambiguatingDescription': 'Suomi24 anonymous user'}, 'dateCreated': '2023-05-07T09:51:12.000Z', 'text': '""Onko DNA kokonaan lopettamassa aiemmin omaamasi liittym√§tyypin hinnoitteluineen ja koettaa nyt vauhdittaa siirtym√§√§ asiakkaita harhaanjohtavalla politiikalla?""<br /><br />En muista en√§√§ asiaa niin tarkasti, koska siit√§ on kulunut jo noin  vuosi. Hyv√§ksyin myyj√§n ehdottaman ja suositteleman ""edullisemman"" liittym√§n myym√§l√§ss√§, mutta kun kaksi p√§iv√§√§ my√∂hemmin sain s√§hk√∂postiini tarkat tiedot t√§st√§ ""edullisesta"" liittym√§st√§, k√§velin 500 metrin p√§√§ss√§ olevaan DNA:n myym√§l√§√§n ja kerroin nyt ty√∂vuorossa olleelle toiselle henkil√∂lle asiasta ja ilmoitin haluavani lopettaa kaiken kanssak√§ymisen DNA:n kanssa.<br /><br />T√§m√§ uusi myyj√§ suhtautui asiaan yll√§tt√§v√§n rauhallisesti. H√§n soitti jonnekin ja kertoi, ettei asiakkaalle ollut kerrottu m√§√§r√§aikaisuudesta ja tulevasta hinnan noususta myym√§l√§ss√§. Sain vapautuksen uudesta ""edullisesta"" liittym√§st√§, k√§velin samassa kauppakeskuksessa sijaitsevaan Elisan myym√§l√§√§n, kerroin siell√§ tapahtuneesta ja tilasin uuden liittym√§n Elisalta.<br /><br />Toistaiseksi Elisa ei ole harrastanut minua kohtaan mit√§√§n ep√§reilua, vaikka olenkin lukenut n√§ilt√§kin foorumeilta yht√§ sun toista pahaa siit√§kin.<br /><br />Mainitsen nyt viel√§ senkin, ett√§ rahani riitt√§isiv√§t eritt√§in hyvin kaiken hintaisiin liittymiin. En vain pit√§nyt DNA:n myyntipolitiikasta.', 'url': 'https://keskustelu.suomi24.fi/t/17816402/mitka-asiat-vaikuttavat-teleoperaattori-dna-oyjn-asiakaskokemukseen#comment-120749424'}, {'downvoteCount': 0, 'upvoteCount': 0, 'author': {'@type': 'Person', 'name': 'Anonyymi', 'disambiguatingDescription': 'Suomi24 anonymous user'}, 'dateCreated': '2023-05-08T07:56:34.000Z', 'text': '""T√§m√§ uusi myyj√§ suhtautui asiaan yll√§tt√§v√§n rauhallisesti. H√§n soitti jonnekin ja kertoi, ettei asiakkaalle ollut kerrottu m√§√§r√§aikaisuudesta ja tulevasta hinnan noususta myym√§l√§ss√§. Sain vapautuksen uudesta ""edullisesta"" liittym√§st√§,  ...""<br /><br />Oikein toimiessaan DNA:n olisi tullut palauttaa se alkuper√§inen sopimus. Lineek√∂ myyj√§t saavat lis√§boonuksia tekemist√§√§n soppareista ja se sitten ohjaa joitakin tuollaiseen ep√§rehtiin myyntitaktiikkaan.<br /><br />Mik√§li tuo on / olisi yleisemp√§√§, niin seh√§h√§n olisi kuluttajasuojan asia.<br /><br />S√§hk√∂liittym√§kaupassahan on ollut melko paljon ep√§rehellist√§ pakkomyynti-villi√§ l√§ntt√§.', 'url': 'https://keskustelu.suomi24.fi/t/17816402/mitka-asiat-vaikuttavat-teleoperaattori-dna-oyjn-asiakaskokemukseen#comment-120764071'}], 'dateCreated': '2023-05-06T11:30:36.000Z', 'text': 'Tuossa kyselyss√§ pummataan aivan liika tietoja homman profilointiin.<br /><br />Mutta, yksi suurin tekij√§ on tiet√§√§ mink√§ firman valmistamista verkoista on kyse. Mik√§li  Huawein kamaa, niin ei kiitos.<br /><br />ps.<br /><br />Mit√§ ketjussa ""huijatuksi tulemisesta"" valittanesiin tulee tulee, niin heill√§ on kuvassa mukana my√∂s ihan omaakin t√§ytt√§ typeryytt√§, sill√§ kyll√§h√§n jokainen sen nyt tiet√§√§, ett√§ uusille asiakkaille edulliset liittym√§hinnat ovat ns. m√§√§r√§aikaisia sis√§√§nheittohintoja, yleens√§ 12 kk ja sitten alkaa normilaskutus. Niin nettiliittymiss√§ kuin mobiililiitymiss√§.', 'url': 'https://keskustelu.suomi24.fi/t/17816402/mitka-asiat-vaikuttavat-teleoperaattori-dna-oyjn-asiakaskokemukseen#comment-120734076'}]",dna
https://keskustelu.suomi24.fi/t/17875991/emdnaem-vai-telian,Anonyymi,"['Keskustelu24', 'Tiede ja teknologia', 'Kodintekniikka', 'Mobiililaitteet', 'K√§nnyk√§t', 'Liittym√§t ja palvelut']",2023-05-31T09:00:39.000Z,Dna vai Telian,"Prepaid, suosituksia n√§ist√§ kahdesta?",11,"[{'downvoteCount': 0, 'upvoteCount': 0, 'author': {'@type': 'Person', 'name': 'Anonyymi', 'disambiguatingDescription': 'Suomi24 anonymous user'}, 'comment': [{'downvoteCount': 0, 'upvoteCount': 0, 'author': {'@type': 'Person', 'name': 'Anonyymi', 'disambiguatingDescription': 'Suomi24 anonymous user'}, 'dateCreated': '2023-06-04T16:10:54.000Z', 'text': 'Miss√§ voi rekister√∂id√§?', 'url': 'https://keskustelu.suomi24.fi/t/17875991/dna-vai-telian#comment-121215289'}], 'dateCreated': '2023-05-31T09:15:44.000Z', 'text': 'Itsell√§ni on ollut dna prepaid. Olen ollut tyytyv√§inen. Liittym√§n voi rekister√∂id√§. Lataus ja ""pakettien"" valinta on mahdollista prepaid.dna.fi osoitteessa.', 'url': 'https://keskustelu.suomi24.fi/t/17875991/dna-vai-telian#comment-121141404'}, {'downvoteCount': 0, 'upvoteCount': 0, 'author': {'@type': 'Person', 'name': 'Anonyymi', 'disambiguatingDescription': 'Suomi24 anonymous user'}, 'comment': [{'downvoteCount': 0, 'upvoteCount': 0, 'author': {'@type': 'Person', 'name': 'Anonyymi', 'disambiguatingDescription': 'Suomi24 anonymous user'}, 'dateCreated': '2023-05-31T09:31:26.000Z', 'text': 'Dna:lla on paketteja esim. Rajaton 30 vrk (100Mbit) hintaan 24,90‚Ç¨. Joka siis sis√§lt√§√§ rajattomasti dataa & puheluita ja tekstiviestej√§. Ilman pakettia puhelun hinta ja tekstiviestin hinta on 0,066 / min / kpl.', 'url': 'https://keskustelu.suomi24.fi/t/17875991/dna-vai-telian#comment-121141643'}, {'downvoteCount': 0, 'upvoteCount': 0, 'author': {'@type': 'Person', 'name': 'Anonyymi', 'disambiguatingDescription': 'Suomi24 anonymous user'}, 'dateCreated': '2023-06-02T12:51:51.000Z', 'text': 'Rajoitukseton 4G<br />29.99 ‚Ç¨                            Elisan halvin paketti     KALLEIN', 'url': 'https://keskustelu.suomi24.fi/t/17875991/dna-vai-telian#comment-121177657'}, {'downvoteCount': 0, 'upvoteCount': 0, 'author': {'@type': 'Person', 'name': 'Anonyymi', 'disambiguatingDescription': 'Suomi24 anonymous user'}, 'dateCreated': '2023-06-02T14:13:47.000Z', 'text': 'Niin, tuo hinta siis Elisan Prepaidissa. Latauslittym√§ss√§ ""Rajoitukseton"" 4G kuukaudeksi maksaa 26,99 ‚Ç¨.', 'url': 'https://keskustelu.suomi24.fi/t/17875991/dna-vai-telian#comment-121179034'}, {'downvoteCount': 0, 'upvoteCount': 0, 'author': {'@type': 'Person', 'name': 'Anonyymi', 'disambiguatingDescription': 'Suomi24 anonymous user'}, 'dateCreated': '2023-06-02T14:53:26.000Z', 'text': 'Dna 24,90‚Ç¨', 'url': 'https://keskustelu.suomi24.fi/t/17875991/dna-vai-telian#comment-121179649'}], 'dateCreated': '2023-05-31T09:20:35.000Z', 'text': 'Kumpikin kallis. Elisan latausliittym√§ on kaikista halvin.', 'url': 'https://keskustelu.suomi24.fi/t/17875991/dna-vai-telian#comment-121141475'}, {'downvoteCount': 0, 'upvoteCount': 0, 'author': {'@type': 'Person', 'name': 'Anonyymi', 'disambiguatingDescription': 'Suomi24 anonymous user'}, 'comment': [{'downvoteCount': 0, 'upvoteCount': 0, 'author': {'@type': 'Person', 'name': 'Anonyymi', 'disambiguatingDescription': 'Suomi24 anonymous user'}, 'dateCreated': '2023-06-01T17:37:00.000Z', 'text': 'Data 24/7  muuten v√§h√§ist√§.', 'url': 'https://keskustelu.suomi24.fi/t/17875991/dna-vai-telian#comment-121164953'}], 'dateCreated': '2023-05-31T13:35:36.000Z', 'text': 'Mink√§laisella k√§yt√∂ll√§?', 'url': 'https://keskustelu.suomi24.fi/t/17875991/dna-vai-telian#comment-121145266'}, {'downvoteCount': 0, 'upvoteCount': 0, 'author': {'@type': 'Person', 'name': 'Anonyymi', 'disambiguatingDescription': 'Suomi24 anonymous user'}, 'comment': [{'downvoteCount': 0, 'upvoteCount': 0, 'author': {'@type': 'Person', 'name': 'Anonyymi', 'disambiguatingDescription': 'Suomi24 anonymous user'}, 'dateCreated': '2023-06-02T05:56:08.000Z', 'text': '21,66666666666667/kk', 'url': 'https://keskustelu.suomi24.fi/t/17875991/dna-vai-telian#comment-121170967'}], 'dateCreated': '2023-06-02T05:11:41.000Z', 'text': 'Dna:n Super Prepaidille saatavissa oleva ""Rajaton"" 90 vrk paketti hintaan 64,90‚Ç¨ taitaa olla l√§ht√∂hinnaltaan n√§ist√§ prepaidien rajaton-paketeista edullisin, Se sis√§lt√§√§ normaalihintaiset puhelut ja viestit sek√§ rajattomasti netink√§ytt√∂√§ maksiminopeudella 100 Mbit/s.', 'url': 'https://keskustelu.suomi24.fi/t/17875991/dna-vai-telian#comment-121170412'}]",dna
https://keskustelu.suomi24.fi/t/17627345/emdnaemn-tolkuton-mainosta,Anonyymi,"['Keskustelu24', 'Tiede ja teknologia', 'Kodintekniikka', 'Mobiililaitteet', 'K√§nnyk√§t', 'Liittym√§t ja palvelut', 'DNA.']",2022-11-08T19:29:55.000Z,DNA:n tolkuton mainostaminen,"DNA:lla ei tieten mee kovin hyvin, koska tuputtavat vimmatusti mainostensa avulla tuotteitaan ja palvelujaan kuluttajille. Ainakin kahta ja jopa kolmeakin eri DNA:n mainosta kuulee p√§ivitt√§in kaupallisilla radiokanavilla. Vois ihan oikeasti v√§hent√§√§ mainosten m√§√§r√§√§ ja lis√§ksi panostaa niiden laatuun. √Ñrsytt√§vi√§ renkutuksia, joista saa vaan pahan fiiliksen. Jos he eiv√§t parempaan pysty, niin laittakaa koko lafka kiinni.  Ei DNA mik√§√§n monopoli t√§√§ll√§ ole. üò°Nimim. DNA:han tymp√§√§ntynyt. üôÅ",6,"[{'downvoteCount': 0, 'upvoteCount': 0, 'author': {'@type': 'Person', 'name': 'Anonyymi', 'disambiguatingDescription': 'Suomi24 anonymous user'}, 'dateCreated': '2022-11-08T19:44:27.000Z', 'text': 'Ja viel√§p√§ huijausmainoksia kuten t√§m√§ digiturvah√∂mp√∂tys..', 'url': 'https://keskustelu.suomi24.fi/t/17627345/dnan-tolkuton-mainostaminen#comment-117376799'}, {'downvoteCount': 0, 'upvoteCount': 0, 'author': {'@type': 'Person', 'name': 'Anonyymi', 'disambiguatingDescription': 'Suomi24 anonymous user'}, 'comment': [{'downvoteCount': 0, 'upvoteCount': 0, 'author': {'@type': 'Person', 'name': 'Anonyymi', 'disambiguatingDescription': 'Suomi24 anonymous user'}, 'dateCreated': '2022-12-19T12:53:28.000Z', 'text': 'Kuulut minun laillani sivistyneist√∂√∂n.<br />K√§√§nn√§ esiin joku junttikanava niin siell√§ se saattaa piileksi√§.', 'url': 'https://keskustelu.suomi24.fi/t/17627345/dnan-tolkuton-mainostaminen#comment-118085018'}, {'downvoteCount': 0, 'upvoteCount': 0, 'author': {'@type': 'Person', 'name': 'Anonyymi', 'disambiguatingDescription': 'Suomi24 anonymous user'}, 'dateCreated': '2022-12-19T13:31:09.000Z', 'text': 'Ehk√§ v√§h√§n rauhoittunut mainostus, mutta aikasemmin ainakin Radio Novalla ja varmasti muillakin Bauer Median kanavilla on DNA:n mainoksia kuulunut. Dna:n Tv-mainokset MTV:ll√§ oli kyll√§ kuraa. Niit√§ ei oo en√§√§ n√§kynyt.', 'url': 'https://keskustelu.suomi24.fi/t/17627345/dnan-tolkuton-mainostaminen#comment-118085664'}, {'downvoteCount': 0, 'upvoteCount': 0, 'author': {'@type': 'Person', 'name': 'Anonyymi', 'disambiguatingDescription': 'Suomi24 anonymous user'}, 'dateCreated': '2022-12-23T09:08:11.000Z', 'text': 'Ilmankos. Itse kuuntelen vain Ylen radio ykk√∂st√§. Ei viel√§ ensimm√§ist√§k√§√§n DNA:n mainosta kuulunut.', 'url': 'https://keskustelu.suomi24.fi/t/17627345/dnan-tolkuton-mainostaminen#comment-118153814'}], 'dateCreated': '2022-12-19T12:51:19.000Z', 'text': 'Olis kiva kuulla se ensimm√§inenkin ett√§ sais v√§h√§n perspektiivi√§.', 'url': 'https://keskustelu.suomi24.fi/t/17627345/dnan-tolkuton-mainostaminen#comment-118084987'}, {'downvoteCount': 0, 'upvoteCount': 0, 'author': {'@type': 'Person', 'name': 'Anonyymi', 'disambiguatingDescription': 'Suomi24 anonymous user'}, 'dateCreated': '2022-12-19T15:56:31.000Z', 'text': 'DNA ei kerro kaikkea tuputtamistaan paketeista. Huijauksen makua! J√§tin DNA:n syksyll√§.', 'url': 'https://keskustelu.suomi24.fi/t/17627345/dnan-tolkuton-mainostaminen#comment-118088068'}]",dna
https://keskustelu.suomi24.fi/t/17850494/kuinka-postetaan-emdnaem-oyj-nettisivuille-t,Anonyymi,"['Keskustelu24', 'Tiede ja teknologia', 'Kodintekniikka', 'Mobiililaitteet', 'K√§nnyk√§t', 'Liittym√§t ja palvelut', 'DNA.']",2023-05-08T01:34:32.000Z,"Kuinka postetaan DNA Oyj nettisivuille tehty ""tili"" ja sen alta omat n√§kyv√§t tiedot?","Dna oyj:n  nettisivuille voi tehd√§ jokainen ""tunnuksen"" ja tilin. Oli liittym√§ tai ei. Jos on liittym√§ niin ker√§√§v√§t nimen ja osoitteen. Kuinka tuon tilin voi poistaa ett√§ sinne ei p√§√§se en√§√§ s√§hk√∂postiosoitteella ja salasanalla sis√§√§n. Eli ett√§ tili poistuu?(En tarkoita mit√§√§n rekisteritietoja jotka ei ole n√§kyviss√§ ja niit√§ n√§kyv√§t s√§ilytt√§v√§n 3 vuotta. ) Tuohan pit√§√§ olla jokaisen ihmisen poistettavissa tietoturvan ja omien tietojen takia. Nyt kun tili on ilman liittym√§√§n niin kuka tahansa saadessaan spostin ja salasanan p√§√§see sis√§√§n ja n√§kee koko nimen Ensimm√§isen ja toisen etunimen, virallisen osoitteen jne.",4,"[{'downvoteCount': 0, 'upvoteCount': 0, 'author': {'@type': 'Person', 'name': 'Anonyymi', 'disambiguatingDescription': 'Suomi24 anonymous user'}, 'dateCreated': '2023-05-08T01:40:05.000Z', 'text': 'Dna siis itse lis√§√§ tuonne sivuille ensimm√§isen laskun tai tunnistautumisen j√§lkeen <br /><br />"" Nimitietosi tulevat v√§est√∂rekisterikeskuksesta "" <br /><br />Ja sit√§k√§√§n ei voi muuttaa! <br /><br /><br />Jokaisesta muusta palvelusta ja verkkokaupasta olen tilit ja tunnuket saanut pois ettei ne ole k√§yt√∂ss√§. Juuri koska tarpeettomia ja tietoturvan takia ettei ne ole siell√§ nettisivuilla.', 'url': 'https://keskustelu.suomi24.fi/t/17850494/kuinka-postetaan-dna-oyj-nettisivuille-tehty-quottiliquot-ja-sen-alta-omat-nakyvat-tiedot#comment-120760435'}, {'downvoteCount': 0, 'upvoteCount': 0, 'author': {'@type': 'Person', 'name': 'Anonyymi', 'disambiguatingDescription': 'Suomi24 anonymous user'}, 'dateCreated': '2023-05-08T01:45:22.000Z', 'text': 'Jos jos puhellinnumero, osoite ja nimi on muutenkin salassa niin <br /><br />DNA Oyj  ""kirjaudu sis√§√§n""  s√§hk√∂posti ja salana paljastaa yksityiset tiedot. My√∂s tuntemattomille. Vaikka sinulla ei ole mit√§√§n sopimusta kyseisen voittoa hakevan firman kanssa ! <br /><br />T√§m√§ viet√§v√§ eteenp√§in viranomaisille.', 'url': 'https://keskustelu.suomi24.fi/t/17850494/kuinka-postetaan-dna-oyj-nettisivuille-tehty-quottiliquot-ja-sen-alta-omat-nakyvat-tiedot#comment-120760449'}, {'downvoteCount': 0, 'upvoteCount': 0, 'author': {'@type': 'Person', 'name': 'Anonyymi', 'disambiguatingDescription': 'Suomi24 anonymous user'}, 'dateCreated': '2023-05-08T07:49:25.000Z', 'text': 'Tuo on yksityisyyden ja tietotirvan suhteen hyvin k√§sitt√§m√§t√∂n menettelytapa. <br /><br />Lis√§ksi operaattorin olettaisi jo l√§ht√∂kohtaisesti olevan valppaana tietoturvan suhteen.<br /><br />Toinen asia. Mit√§ kirtottua v√§est√∂rekisterikeskus tekee jonkin tuon kaltaisen firman kanssa?! Pankkeihin ja el√§kelaitoksiinhan sielt√§ menee automaattisesti tiedot jos niiss√§ on tapahtunut muutos, mutta jokin operaattori.<br /><br />Ei mutta kuin ota yhteytt√§ kuluttajasuojaan.', 'url': 'https://keskustelu.suomi24.fi/t/17850494/kuinka-postetaan-dna-oyj-nettisivuille-tehty-quottiliquot-ja-sen-alta-omat-nakyvat-tiedot#comment-120763956'}, {'downvoteCount': 0, 'upvoteCount': 0, 'author': {'@type': 'Person', 'name': 'Anonyymi', 'disambiguatingDescription': 'Suomi24 anonymous user'}, 'dateCreated': '2023-05-08T13:53:22.000Z', 'text': 'T√§m√§kin tieto l√∂ytyy ihan DNA sivuilta.. <a href=""https://www.dna.fi/dnatunnus"" target=""_blank"" rel=""nofollow"">https://www.dna.fi/dnatunnus</a> Ihmiset tuntuu nyky√§√§n olevan ihmeellisi√§ kun ei t√§llaista tietoa osaa hakea..', 'url': 'https://keskustelu.suomi24.fi/t/17850494/kuinka-postetaan-dna-oyj-nettisivuille-tehty-quottiliquot-ja-sen-alta-omat-nakyvat-tiedot#comment-120769018'}]",dna
https://keskustelu.suomi24.fi/t/17878484/ty-prepaid-liittyma-emdnaem,Anonyymi,"['Keskustelu24', 'Tiede ja teknologia', 'Kodintekniikka', 'Mobiililaitteet', 'K√§nnyk√§t', 'Liittym√§t ja palvelut', 'DNA.']",2023-06-02T11:25:20.000Z,Rekister√∂ity Prepaid-liittym√§ Dna,Voiko siirt√§√§ numeron dna laskuliittym√§ksi?,3,"[{'downvoteCount': 0, 'upvoteCount': 0, 'author': {'@type': 'Person', 'name': 'Anonyymi', 'disambiguatingDescription': 'Suomi24 anonymous user'}, 'dateCreated': '2023-06-02T11:38:40.000Z', 'text': 'Tarkempia tietoja voinee kysy√§ Dna:n Myyntipalvelusta nrosta 0800 550 044. Nroon soittaminen on maksutonta.', 'url': 'https://keskustelu.suomi24.fi/t/17878484/rekisteroity-prepaid-liittyma-dna#comment-121176498'}, {'downvoteCount': 0, 'upvoteCount': 0, 'author': {'@type': 'Person', 'name': 'Anonyymi', 'disambiguatingDescription': 'Suomi24 anonymous user'}, 'comment': [{'downvoteCount': 0, 'upvoteCount': 0, 'author': {'@type': 'Person', 'name': 'Anonyymi', 'disambiguatingDescription': 'Suomi24 anonymous user'}, 'dateCreated': '2023-06-03T18:26:49.000Z', 'text': 'Rekister√∂idyn prepaid-liittym√§n saa vaihdettua tavalliseksi laskutettavaksi liittym√§ksi operaattoria vaihtaessa, numero s√§ilyy ennallaan. Sen j√§lkeen voi vaihtaa takaisin DNA:lle, jos v√§ltt√§m√§tt√§ haluaa. Perustuu Traficomin m√§√§r√§ykseen.15.3.2020', 'url': 'https://keskustelu.suomi24.fi/t/17878484/rekisteroity-prepaid-liittyma-dna#comment-121200195'}], 'dateCreated': '2023-06-02T17:16:15.000Z', 'text': 'Saako en√§√§ rekister√∂ity√§ prepaidin? Joskus aikoja sitten sai rekister√∂ity√§ prepaidin ja muutin postpaid liittym√§ksi...', 'url': 'https://keskustelu.suomi24.fi/t/17878484/rekisteroity-prepaid-liittyma-dna#comment-121182217'}]",dna
https://keskustelu.suomi24.fi/t/17867328/emdnaem-4g-hehh,Anonyymi,"['Keskustelu24', 'Tiede ja teknologia', 'Kodintekniikka', 'Mobiililaitteet', 'K√§nnyk√§t']",2023-05-23T17:20:50.000Z,Dna 4G hehh,Kaveri v√§itt√§√§ ett√§ dna ei myy en√§√§ 4G liittymi√§ vain 5G.? Matkapuhelinliittymi√§,3,"[{'downvoteCount': 0, 'upvoteCount': 0, 'author': {'@type': 'Person', 'name': 'Anonyymi', 'disambiguatingDescription': 'Suomi24 anonymous user'}, 'comment': [{'downvoteCount': 0, 'upvoteCount': 0, 'author': {'@type': 'Person', 'name': 'Anonyymi', 'disambiguatingDescription': 'Suomi24 anonymous user'}, 'dateCreated': '2023-05-23T17:59:32.000Z', 'text': 'Telia Dot on 4G uusi luurikin on 4G. Pakko rahastusta..', 'url': 'https://keskustelu.suomi24.fi/t/17867328/dna-4g-hehh#comment-121016439'}, {'downvoteCount': 0, 'upvoteCount': 0, 'author': {'@type': 'Person', 'name': 'Anonyymi', 'disambiguatingDescription': 'Suomi24 anonymous user'}, 'dateCreated': '2023-05-23T18:01:08.000Z', 'text': 'Globetel 4G. Kannattaa unohtaa 5G niin kauan kuin 4G toimii.', 'url': 'https://keskustelu.suomi24.fi/t/17867328/dna-4g-hehh#comment-121016473'}], 'dateCreated': '2023-05-23T17:48:38.000Z', 'text': 'Pit√§√§ paikkaansa, Eik√§ vain DNA vaan my√∂s Telia, Elisakin. Ainoastaan Moi myy j√§rkev√§nopeuksista ja hintaista 4G liittym√§√§. My√∂s Prepaid muodossa sit√§ viel√§ l√∂ytyy,', 'url': 'https://keskustelu.suomi24.fi/t/17867328/dna-4g-hehh#comment-121016256'}]",dna
https://keskustelu.suomi24.fi/t/17852538/emdnaemn-liittyma-hairitse,Anonyymi,"['Keskustelu24', 'Tiede ja teknologia', 'Kodintekniikka', 'Mobiililaitteet', 'K√§nnyk√§t', 'Liittym√§t ja palvelut', 'DNA.']",2023-05-09T17:38:28.000Z,dna:n liittym√§ h√§iritsee langallista verkkoa.,"Niin, en tied√§. T√§m√§ on ihan hullua. Siis tuttava oli kyl√§ss√§, h√§nell√§ on 5G-dna. Pelasin nopeatempoista peli, n 15ms. serveri yhteys. Tuttavani sattui saamaan microsoftin palveluun viestin ja t√§ysin samalla sekunnilla peli repesi ja 1 sekunnin koko laite hidastui. Ns. serverilagi nousi noin 100ms. Sit√§ sattuu usein vaikka jos ei pelaa netissa niin ei tule mit√§√§n t√§ll√§isi√§ virheit√§. Toinen mik√§ on kokoajan sekoillut ja koittanut microsoftin laitteita sekoittaa on STEAM ja steamissa oli peli. Siiis mit√§ vittua. Sanokaa ett√§ olen vain idiootti.",2,"[{'downvoteCount': 0, 'upvoteCount': 0, 'author': {'@type': 'Person', 'name': 'Anonyymi', 'disambiguatingDescription': 'Suomi24 anonymous user'}, 'dateCreated': '2023-05-09T17:45:03.000Z', 'text': 'Joo. Kyll√§ n√§in on asia. Olen pahoillani.', 'url': 'https://keskustelu.suomi24.fi/t/17852538/dnan-liittyma-hairitsee-langallista-verkkoa-#comment-120789510'}, {'downvoteCount': 0, 'upvoteCount': 0, 'author': {'@type': 'Person', 'name': 'Anonyymi', 'disambiguatingDescription': 'Suomi24 anonymous user'}, 'dateCreated': '2023-05-09T19:44:42.000Z', 'text': 'Kerta haluat tiet√§√§, niin kyll√§ olet idiootti. Langaton verkko ei voi h√§irit√§ langallista yhteytt√§. Itsell√§ni on DNA:n 5G-liittym√§ ja ei vaikuta langalliseen yhteyteen mitenk√§√§n.', 'url': 'https://keskustelu.suomi24.fi/t/17852538/dnan-liittyma-hairitsee-langallista-verkkoa-#comment-120791295'}]",dna
https://keskustelu.suomi24.fi/t/17634573/ululaiset-lankeatte-emdnaemhan,Anonyymi,"['Keskustelu24', 'Tiede ja teknologia', 'Internet', 'Laajakaista', 'Elisa Internet']",2022-11-15T06:47:16.000Z,Miksi hyv√§t Oululaiset lankeatte DNA:han?,"Oulussa DNA:lla tuntuu olevan oikea kuristusote internet palveluista, vaikka ihmisille tarjotaan PALJON parempia ratkaisuja kuin joku keskinkertainen DNA 5G-omaan kotiin asennettuna. Samat viat siin√§ on kuin mobiililaajakaistassa, mutta kalliimmalla hinnalla ja talon ulkosivu sotketaan jollain rumalla sein√§√§n asennettavalla purkilla.Naurattaa vaan kuinka naapurit ottivat kalliin DNA kaapelin ja nyt vinkuvat, kun kadun muiden asukkaiden valokuidut pelitt√§√§ paljon nopeampaa kuin heid√§n omansa :DEi mit√§√§n se on hyv√§, ett√§ toisille kelpaa vanhempi ja kalliimpi teknologia. Muutenhan meill√§ muilla ei olis ket√§√§n kelle nauraa!",2,"[{'downvoteCount': 0, 'upvoteCount': 0, 'author': {'@type': 'Person', 'name': 'Anonyymi', 'disambiguatingDescription': 'Suomi24 anonymous user'}, 'comment': [{'downvoteCount': 0, 'upvoteCount': 0, 'author': {'@type': 'Person', 'name': 'Anonyymi', 'disambiguatingDescription': 'Suomi24 anonymous user'}, 'dateCreated': '2022-12-10T06:33:31.000Z', 'text': 'Kuka mihinkin lankeaa, mutta t√§m√§ lovi on hyv√§ <a href=""https://www.kansalaisaloite.fi/fi/aloite/11121"" target=""_blank"" rel=""nofollow"">https://www.kansalaisaloite.fi/fi/aloite/11121</a> <br />Siin√§ puuhataan kattoa s√§hk√∂n hinnalle. Pankaas kannattaen ja tuttavapiiri mukaan.', 'url': 'https://keskustelu.suomi24.fi/t/17634573/miksi-hyvat-oululaiset-lankeatte-dnahan#comment-117922283'}], 'dateCreated': '2022-11-16T14:23:20.000Z', 'text': 'En tied√§. Itse ainakin olen v√§ltt√§nyt DNA:ta kuin ruttoa niin en tied√§ mist√§ ouhut<br /><br />T: Alkuper√§inen Oululainen', 'url': 'https://keskustelu.suomi24.fi/t/17634573/miksi-hyvat-oululaiset-lankeatte-dnahan#comment-117515058'}]",dna
https://keskustelu.suomi24.fi/t/17753098/minuakin-emdnaem-huijasi-,Anonyymi,"['Keskustelu24', 'Tiede ja teknologia', 'Kodintekniikka', 'Mobiililaitteet', 'K√§nnyk√§t', 'Liittym√§t ja palvelut', 'DNA.']",2023-02-21T06:29:20.000Z,Minuakin DNA huijasi.,DNA l√§hetti aiheettomat viiden kuukauden C MOORE laskut.Valitin niist√§ ja sielt√§ mies soitti ja totesi n√§in olevan mutta ei ole tullut palautusta.Olen kirjoittanut t√§st√§ monta kertaa ei ole ollut mit√§√§n vaikutusta.Huijari firma.,1,"[{'downvoteCount': 0, 'upvoteCount': 0, 'author': {'@type': 'Person', 'name': 'Anonyymi', 'disambiguatingDescription': 'Suomi24 anonymous user'}, 'dateCreated': '2023-04-11T22:43:16.000Z', 'text': 'Etk√∂h√§n ole itse ottanut k√§ytt√∂√∂n esimerkiksi jonkin ilmaisen kokeilujakson etk√§ ole sitten tajunnut, ett√§ sen ilmaisen jakson j√§lkeen tilaus jatkuu automaattisesti maksullisena. Tuskin DNA tai muutkaan operaattorit ket√§√§n huijaa, ihmiset ei vain tajua mit√§ hommaavat kun eiv√§t vaivaudu tutustumaan ehtoihin jne.', 'url': 'https://keskustelu.suomi24.fi/t/17753098/minuakin-dna-huijasi-#comment-120280901'}]",dna
https://keskustelu.suomi24.fi/t/17880563/onko-nain-emdnaem-prepaid,Anonyymi,"['Keskustelu24', 'Tiede ja teknologia', 'Kodintekniikka', 'Mobiililaitteet', 'K√§nnyk√§t', 'Liittym√§t ja palvelut']",2023-06-04T11:34:31.000Z,Onko n√§in dna prepaid,Ik√§v√§ kyll√§ prepaid-liittym√§n rekister√∂inti on mahdollista t√§ll√§ hetkell√§ vain DNA Kaupassa.?,0,[],dna
https://keskustelu.suomi24.fi/t/17876295/emdnaem-mesh-asennuksen-hin,Anonyymi,"['Keskustelu24', 'Tiede ja teknologia', 'Internet', 'Laajakaista', 'Dna Welho']",2023-05-31T15:02:43.000Z,Dna mesh asennuksen hinta,"Elk√§√§ kukaan ottako dna mesh asentajaa asentamaan teid√§n parvekkeelle sit√§ laitetta kun se asennus maksaa v√§hint√§√§n 10kertaa enemm√§n kun itse se dna mesh laite joka py√∂rii noin 50‚Ç¨  hinnoissa kaupoissa.  Ja dna mesh nopeus kaukana siit√§ mink√§ olet ottanut. Irtisanominen todella vaikeata. Ja jos saat irtisanottua nettiliittym√§si on sinulla viel√§ useita satasia ""asennuslaskua"" maksettavana.",0,[],dna
https://keskustelu.suomi24.fi/t/17863437/emdnaem-palsta-loppuu,Anonyymi,"['Keskustelu24', 'Tiede ja teknologia', 'Kodintekniikka', 'Mobiililaitteet', 'K√§nnyk√§t', 'Liittym√§t ja palvelut', 'DNA.']",2023-05-19T20:50:25.000Z,DNA palsta loppuu,"Antonovka (tai joku sen toinen nimimerkki) kirjoitti ett√§, ensin loppui radiokanavat sitten ven√§j√§n kanavat. DNA on h√§nen mielest√§√§n sellainen opettaja leikin hauskan lopettaja. Omat antennit ja satellittiantennit on se satsaus tulevaisuuteen.",0,[],dna
